{
    "accuracy": 0.9645776566757494,
    "precision": 0.927007299270073,
    "recall": 0.8141025641025641,
    "auc": 0.9817426400759734
}