{
    "accuracy": 0.9146230699364214,
    "precision": 0.8780487804878049,
    "recall": 0.46153846153846156
}
